{"type": "mlp", "state_dim": 6, "W1": [[-1.1363747119903564, 0.5495816469192505, -0.3543146848678589, -0.014043587259948254, -0.13762177526950836, 0.23305059969425201], [0.12711387872695923, -0.19637274742126465, 0.21233057975769043, -0.19018298387527466, 0.18965856730937958, 1.745089054107666], [0.012866259552538395, -0.012341980822384357, 0.024491721764206886, 0.00046810408821329474, 0.04655284062027931, -17.31829833984375], [-0.11471033841371536, 0.1215195283293724, -0.3031531572341919, -0.2075970321893692, -0.1661732941865921, 0.07128487527370453], [-0.4787590801715851, -0.0024704933166503906, 0.40594038367271423, 0.0034162583760917187, 0.6976593136787415, 1.3467921018600464], [0.587286651134491, -0.14578840136528015, 0.5654516220092773, -0.02041030302643776, 0.4248988926410675, -3.5803699493408203], [0.9814332127571106, -0.9239997863769531, -8.513328552246094, 0.016601743176579475, -1.5980327129364014, 2.1568496227264404], [-0.3978523910045624, -0.3909606337547302, 0.07065228372812271, -0.33216530084609985, -0.04854939132928848, 0.1563984900712967], [0.18855133652687073, -0.18574723601341248, -0.4729582369327545, -0.6280757784843445, -0.028246568515896797, 3.2709431648254395], [0.01987757533788681, 0.1617593616247177, 0.34067267179489136, -0.011652776040136814, 0.4412862956523895, 1.8886544704437256], [-0.763602077960968, -0.005333355162292719, 1.0397075414657593, -0.01386953890323639, 0.726990282535553, -0.9199541211128235], [0.43683144450187683, 0.4544425904750824, -2.8418948650360107, -0.009766929782927036, -1.226879596710205, -0.33314722776412964], [-0.18052835762500763, 0.09339690208435059, -0.1093391627073288, -0.115509994328022, 0.037794895470142365, -2.539363145828247], [0.25431010127067566, 0.29558196663856506, -0.19179409742355347, 0.06754109263420105, -0.443133682012558, -4.914157867431641], [0.38863876461982727, -0.015415809117257595, 0.01461865659803152, 0.00842937920242548, 0.2333565652370453, 4.233381748199463], [0.1362207680940628, 0.1884775012731552, -0.6267379522323608, -0.42438751459121704, 0.3457123041152954, -0.46463364362716675], [0.09395940601825714, 0.37162095308303833, 0.2807868421077728, -0.028301559388637543, 0.1395685076713562, -0.07778121531009674], [0.23362325131893158, -0.09151320904493332, 0.23628006875514984, 0.04106777533888817, 0.2060215026140213, -2.102931022644043], [0.2724345624446869, -0.18633557856082916, 0.4638062119483948, -0.009849184192717075, 0.33700934052467346, -3.4316000938415527], [0.40313515067100525, -0.028460867702960968, -0.3698800802230835, -0.5684781074523926, 0.16296778619289398, -5.623388767242432], [-0.9932466149330139, 0.9764763116836548, -7.819439888000488, -0.010486133396625519, -1.51034414768219, 4.724551677703857], [0.036537155508995056, 0.01816519908607006, -2.149890184402466, 0.0068330480717122555, -0.2688567340373993, -1.6697598695755005], [0.22475284337997437, -0.31833070516586304, -0.11347305774688721, 0.018098535016179085, -0.23824907839298248, 2.250279426574707], [0.21090629696846008, 0.1625012457370758, 0.026140578091144562, -0.04219244420528412, -0.2182902842760086, 2.1716389656066895], [-0.12184564769268036, -0.018146850168704987, -0.034272607415914536, 0.005540493410080671, -0.22682048380374908, 0.12259604036808014], [0.09698813408613205, -0.3183286190032959, 0.3810226321220398, 0.0018591106636449695, 0.35517579317092896, 1.1141746044158936], [0.1862231194972992, 0.19643132388591766, 0.0055170487612485886, 0.03459674119949341, 0.3141392171382904, -1.2661452293395996], [0.050175685435533524, -0.04481691122055054, -0.6686893701553345, 0.46651268005371094, -0.3991258442401886, -0.7461618781089783], [0.43638819456100464, -0.1378903090953827, 0.49435949325561523, 0.006275814492255449, 0.11620999127626419, 0.5031436681747437], [-0.16742081940174103, -0.17244824767112732, 0.04655888304114342, 0.2042970210313797, 0.17956465482711792, 1.5246217250823975], [0.04806685075163841, 0.04854760691523552, -0.4450148642063141, 0.3414894640445709, -0.42201459407806396, -3.0124213695526123], [-0.08136333525180817, -0.1799447238445282, 0.6340168118476868, -0.3133839964866638, 0.4177570939064026, 1.5157865285873413], [-0.5709533095359802, 0.024047618731856346, 1.0742709636688232, -0.04342760145664215, -0.04058224707841873, -1.9079080820083618], [-0.21195539832115173, 0.023135168477892876, 0.043114036321640015, 0.09861426055431366, -0.12749043107032776, -0.005159139167517424], [-0.09252963960170746, 0.05180119723081589, 0.10870083421468735, 0.005597550421953201, 0.22191403806209564, -12.468273162841797], [0.28527402877807617, -0.3158431351184845, -0.0782027617096901, 0.20585033297538757, 0.28117018938064575, -2.487037181854248], [0.2450178563594818, -0.2520732283592224, 0.4416167140007019, 0.012203461490571499, 0.43164581060409546, -5.808620452880859], [0.10112761706113815, -0.2696773409843445, -0.17520791292190552, -0.07911157608032227, -0.033320385962724686, -4.074501037597656], [0.08142438530921936, 0.041644949465990067, -0.607914388179779, -0.23847217857837677, 0.06392571330070496, -4.253903865814209], [0.051244039088487625, -0.22841112315654755, -0.16320089995861053, 0.005484013352543116, -0.23689469695091248, 3.4940288066864014], [0.4098149538040161, 0.005590776447206736, -0.3544762134552002, -0.15219177305698395, 0.14328955113887787, -3.6746654510498047], [0.40942397713661194, 0.002341417595744133, 0.6703730225563049, -0.46512264013290405, 0.11665273457765579, -1.1070975065231323], [-0.0041005564853549, -0.001597327645868063, -0.004013922531157732, -0.0030462858267128468, 0.02455209009349346, -20.107601165771484], [-0.02658211998641491, -0.057348333299160004, -1.8786102533340454, 0.10982144623994827, 0.3240921199321747, 1.1548048257827759], [-0.6046336889266968, 0.5760551691055298, -6.5432281494140625, -0.012383035384118557, -1.366557002067566, 3.232288122177124], [-0.4084446430206299, 0.12096979469060898, -0.15182676911354065, 0.014285833574831486, 0.42875832319259644, -5.530846118927002], [0.288337379693985, -0.07202398777008057, -0.519018292427063, -0.11661000549793243, -0.5148394107818604, -2.031402111053467], [-0.2777639627456665, 0.0038182497955858707, -1.8699747323989868, 0.0025683478452265263, -0.23193921148777008, -0.7228242754936218], [0.47668716311454773, -0.427390992641449, -6.388639450073242, 0.014117376878857613, -1.297620415687561, 1.4803061485290527], [-0.05118603631854057, -0.05395050346851349, -0.7097935080528259, 0.002016152022406459, -0.2727067172527313, 3.8555524349212646], [-0.15977932512760162, -0.34446582198143005, 0.568634033203125, 0.0016349742654711008, 0.49808478355407715, 2.013956308364868], [0.24947448074817657, -0.28031808137893677, 0.7139866948127747, -0.03028419055044651, 0.0022282900754362345, -1.5193246603012085], [-0.1411270946264267, -0.13512863218784332, -0.5737937688827515, 0.015476075932383537, -0.3211764097213745, 4.031534671783447], [-0.01182895340025425, 0.23277874290943146, -0.5805465579032898, 0.06111067160964012, -0.23249107599258423, 7.875766277313232], [-0.7597991824150085, 0.30166593194007874, -0.16107352077960968, -0.005004603881388903, 0.2438035011291504, 4.139468193054199], [0.4639461040496826, -0.1962113380432129, -0.09617077559232712, -0.0014799361815676093, -0.5650401711463928, 4.886913299560547], [-0.9268178343772888, -0.018628215417265892, 0.8385040163993835, 0.008867655880749226, 0.7685253024101257, 1.8262819051742554], [-1.5731929540634155, -1.714150309562683, -6.313802242279053, 0.01446680910885334, -1.0948848724365234, 6.334524631500244], [-0.052142221480607986, -0.39332008361816406, 0.47801172733306885, -0.34201210737228394, 0.19076339900493622, -6.418436527252197], [0.04060725122690201, 0.041504181921482086, -0.008753682486712933, -0.23897089064121246, 0.2593784034252167, -0.02537754736840725], [0.14669902622699738, -0.0063955215737223625, 0.29858165979385376, -0.2990117073059082, 0.649149477481842, 1.878029704093933], [-0.002308500465005636, 0.006088792346417904, -2.368137836456299, 0.0081661781296134, -0.23593488335609436,